metric,value
MAE,8.180857153252173
RMSE,13.02050914559965
MAPE,11.904965491185775
